PMID,Year,DOI,PMC,Title
30247008,2018,10.1503/cjs.009417,PMC6153109,Role of the status of the mesorectal fascia in the selection of patients with rectal cancer for preoperative radiation therapy: a retrospective cohort study.
32551030,2020,10.4240/wjgs.v12.i5.247,PMC7289645,Management of synchronous lateral pelvic nodal metastasis in rectal cancer in the era of neoadjuvant chemoradiation: A systemic review.
24751125,2014,10.1111/ans.12409,,Accuracy of magnetic resonance imaging for preoperative staging of rectal cancer.
25731264,2014,,,[Detection of lateral lymph node metastasis by PET/CT].
26486376,2016,10.1002/rcs.1710,,Utility of indocyanine-green fluorescent imaging during robot-assisted sphincter-saving surgery on rectal cancer patients.
29404766,2018,10.1007/s00330-017-5284-z,,Pre-treatment magnetic resonance-based texture features as potential imaging biomarkers for predicting event free survival in anal cancer treated by chemoradiotherapy.
30477950,2019,10.1016/j.ejso.2018.11.016,,Predictive factors of pathological lateral pelvic lymph node metastasis in patients without clinical lateral pelvic lymph node metastasis (clinical stage II/III): The analysis of data from the clinical trial (JCOG0212).
30907777,2019,10.1097/LGT.0000000000000458,,International Anal Neoplasia Society Guidelines for the Practice of Digital Anal Rectal Examination.
18164156,2008,10.1016/j.ejrad.2007.11.029,,Preoperative 3T MR imaging of rectal cancer: local staging accuracy using a two-dimensional and three-dimensional T2-weighted turbo spin echo sequence.
32355671,2020,10.1159/000500730,PMC7184829,Comparison of Changes in Disease-Free and Overall Survival of Resectable Rectal Adenocarcinoma between 2010 and 2015.
32416279,2020,10.1016/j.radonc.2020.05.005,,Dose prediction using a deep neural network for accelerated planning of rectal cancer radiotherapy.
30744694,2019,10.1186/s40644-019-0192-x,PMC6371623,Application of magnetic resonance diffusion kurtosis imaging for distinguishing histopathologic subtypes and grades of rectal carcinoma.
26616800,2015,,,[Diagnosis and treatment of pelvic wall and bowel fibrosis with bowel obstruction induced by neoadjuvant chemoradiotherapy for rectal carcinoma].
26130453,2015,10.1245/s10434-015-4691-0,,"Assessment of Clinical Complete Response After Chemoradiation for Rectal Cancer with Digital Rectal Examination, Endoscopy, and MRI."
11195411,2000,,,NCCN Practice Guidelines for Colorectal Cancer.
32519956,2020,10.5152/tjg.2020.19225,PMC7289170,Prognostic significance of early complete response in patients with locally advanced rectal cancer undergoing preoperative chemoradiotherapy: Multicentric study of Turkish Society for Radiation Oncology Group (TROD).
27232254,2017,10.1097/SLA.0000000000001791,,Reply to: Does MRI Restaging of Rectal Cancer After Chemoradiotherapy Actually Permit a Change in Surgical Management?
18269488,2008,10.1111/j.1445-2197.2007.04402.x,,Preoperative staging of rectal cancer by magnetic resonance imaging remains an imprecise tool.
26571840,2015,,,[Results of complex treatment of patients with squamous cell carcinoma of the anal canal using advanced radiotherapy technologies].
16861558,2006,10.2214/AJR.05.0011,,Mucinous adenocarcinoma arising from fistula in ano: MRI findings.
24651959,2014,10.1007/s00384-014-1851-9,,Analysis of conversion factors in robotic-assisted rectal cancer surgery.
33038847,2020,10.1016/j.suronc.2020.09.021,,Lateral pelvic lymph node dissection in the management of locally advanced low rectal cancer: Summary of the current evidence.
28647399,2017,10.1016/j.radonc.2017.06.013,PMC5641595,Quantitative imaging outperforms molecular markers when predicting response to chemoradiotherapy for rectal cancer.
18070703,2007,10.1016/j.bpg.2007.11.003,,The multidisciplinary management of gastrointestinal cancer. Multimodal treatment of rectal cancer.
22109290,2011,10.2214/AJR.11.6508,,Reproducibility of depth of extramural tumor spread and distance to circumferential resection margin at rectal MRI: enhancement of clinical guidelines for neoadjuvant therapy.
24661656,2014,10.1016/j.ijrobp.2014.01.014,,Intraoperative radiation therapy reduces local recurrence rates in patients with microscopically involved circumferential resection margins after resection of locally advanced rectal cancer.
28851403,2017,10.1186/s13063-017-2085-2,PMC5576102,A rectal cancer feasibility study with an embedded phase III trial design assessing magnetic resonance tumour regression grade (mrTRG) as a novel biomarker to stratify management by good and poor response to chemoradiotherapy (TRIGGER): study protocol for a randomised controlled trial.
26693073,2015,,PMC4656744,A common variant in MTHFR influences response to chemoradiotherapy and recurrence of rectal cancer.
22212742,2012,10.1159/000334702,,Flexible sigmoidoscopy does not significantly increase polyp and cancer detection yield when used to supplement CT colonography.
30483843,2020,10.1007/s00261-018-1838-z,,Magnetic resonance imaging performed before and after preoperative chemoradiotherapy in rectal cancer: predictive factors of recurrence and prognostic significance of MR-detected extramural venous invasion.
30772135,2019,10.1016/j.clcc.2019.01.001,,Disqualification of Neoadjuvant Rectal Score Based on Data of 6596 Patients From the Netherlands Cancer Registry.
20217256,2010,10.1245/s10434-010-1010-7,,Sentinel node biopsy by indocyanine green retention fluorescence detection for inguinal lymph node staging of anal cancer: preliminary experience.
30686505,2019,10.1016/j.crad.2018.10.015,,Quantitative MRI assessment of mucinous rectal adenocarcinoma to predict tumour response after neoadjuvant therapy.
21316666,2011,10.1016/j.gie.2010.12.029,,Feasibility of salvage endoscopic mucosal resection by using a cap for remnant rectal carcinoids after primary EMR.
21951893,2011,,,Robotic-assisted laparoscopic surgery of the colon and rectum: a literature review.
25140623,2014,,,Pelvic MRI for guiding treatment decisions in rectal cancer.
32044531,2020,10.1016/j.radonc.2020.01.020,,Automatic delineation of the clinical target volume and organs at risk by deep learning for rectal cancer postoperative radiotherapy.
16324387,2005,,,[Shape-memory alloy net-like stent for the management of ureteral stricture: a long-term follow-up report].
29878949,2018,10.1097/DCR.0000000000001114,,The American Society of Colon and Rectal Surgeons Clinical Practice Guidelines for Anal Squamous Cell Cancers (Revised 2018).
20392380,2010,,,Role of neo-adjuvant chemoradiation in locally advanced rectal cancers.
31113173,2019,10.3393/ac.2019.04.22.1,PMC6529756,Oncologic Outcomes in Patients Who Undergo Neoadjuvant Chemoradiotherapy and Total Mesorectal Excision for Locally Advanced Rectal Cancer: A 14-Year Experience in a Single Institution.
24026540,2013,10.1093/annonc/mdt368,,Unexpected toxicity of cetuximab combined with conventional chemoradiotherapy in patients with locally advanced anal cancer: results of the UNICANCER ACCORD 16 phase II trial.
21225143,2010,10.1590/s0004-28032010000400005,,Suggestion of optimal patient characteristics for sentinel lymph node mapping in colorectal adenocarcinoma.
27373910,2016,10.1016/j.radonc.2016.06.005,,Do refined consensus guidelines improve the uniformity of clinical target volume delineation for rectal cancer? Results of a national review project.
31387597,2019,10.1186/s13014-019-1342-9,PMC6685144,"FDG-PET parameters predict for recurrence in anal cancer - results from a prospective, multicentre clinical trial."
31982206,2020,10.1016/j.ejso.2020.01.005,,Is watch and wait a safe and effective way to treat rectal cancer in older patients?
26334237,2015,10.1007/s12664-015-0589-9,,Preliminary experience with lateral pelvic lymph node dissection in locally advanced rectal cancer.
24172167,2014,10.1177/1553350613507145,,Development and clinical implementation of a hemostatic balloon device for rectal cancer surgery.
31080094,2019,10.1016/S2468-1253(19)30092-5,,Thinking outside the box: a more efficient diagnostic approach in metastatic colorectal cancer.
26123334,2016,10.1007/s00464-015-4324-5,,CT/MRI pelvimetry as a useful tool when selecting patients with rectal cancer for transanal total mesorectal excision.
